{"stats":{"minecraft:dropped":{"minecraft:wolf_spawn_egg":1,"minecraft:iron_sword":4,"minecraft:cooked_beef":831,"minecraft:golden_pickaxe":1,"minecraft:mossy_cobblestone":1,"minecraft:lead":1,"minecraft:iron_helmet":2,"minecraft:cobblestone":33,"minecraft:granite":8,"minecraft:sheep_spawn_egg":1,"minecraft:grass_block":1,"minecraft:flint":1,"minecraft:brush":1,"minecraft:cooked_salmon":2,"minecraft:iron_leggings":2,"minecraft:wooden_sword":2,"minecraft:iron_axe":1,"minecraft:iron_pickaxe":5,"minecraft:bucket":14,"minecraft:spruce_sapling":1,"minecraft:gold_ingot":1,"minecraft:bone":2,"minecraft:gravel":1,"minecraft:stone_axe":1,"minecraft:kelp":1,"minecraft:iron_nugget":1,"minecraft:golden_chestplate":3,"minecraft:cobbled_deepslate":64,"minecraft:rotten_flesh":1,"minecraft:clay_ball":36,"minecraft:iron_boots":2,"minecraft:white_bed":2,"minecraft:shield":2,"minecraft:gunpowder":1,"minecraft:iron_chestplate":2,"minecraft:andesite":9,"minecraft:redstone_torch":1,"minecraft:wooden_pickaxe":1,"minecraft:stone_pickaxe":1},"minecraft:mined":{"minecraft:nether_gold_ore":58,"minecraft:mossy_cobblestone":1,"minecraft:deepslate_diamond_ore":9,"minecraft:obsidian":17,"minecraft:granite":8,"minecraft:grass_block":32,"minecraft:spruce_leaves":44,"minecraft:kelp":1,"minecraft:tall_seagrass":1,"minecraft:magma_block":50,"minecraft:furnace":4,"minecraft:iron_ore":23,"minecraft:andesite":18,"minecraft:deepslate_lapis_ore":3,"minecraft:deepslate_iron_ore":6,"minecraft:stone":326,"minecraft:podzol":3,"minecraft:quartz_block":21,"minecraft:powder_snow":7,"minecraft:crafting_table":14,"minecraft:clay":9,"minecraft:nether_quartz_ore":231,"minecraft:tall_grass":1,"minecraft:deepslate_gold_ore":6,"minecraft:diorite":4,"minecraft:coarse_dirt":1,"minecraft:sweet_berry_bush":4,"minecraft:spruce_log":21,"minecraft:oak_log":5,"minecraft:coal_ore":132,"minecraft:gravel":20,"minecraft:sand":48,"minecraft:dirt":65,"minecraft:netherrack":424,"minecraft:ancient_debris":2,"minecraft:fern":1,"minecraft:deepslate":64},"minecraft:broken":{"minecraft:stone_pickaxe":1},"minecraft:killed":{"minecraft:zombified_piglin":1,"minecraft:spider":2,"minecraft:skeleton":1,"minecraft:magma_cube":1,"minecraft:piglin":1,"minecraft:salmon":5,"minecraft:creeper":2,"minecraft:zombie":4},"minecraft:used":{"minecraft:flint_and_steel":147,"minecraft:redstone":21,"minecraft:oak_sign":1,"minecraft:spruce_planks":6,"minecraft:chest":5,"minecraft:shield":11,"minecraft:iron_sword":5,"minecraft:oak_door":2,"minecraft:dirt":100,"minecraft:anvil":2,"minecraft:jungle_planks":1,"minecraft:diamond_helmet":1,"minecraft:snowball":3,"minecraft:obsidian":17,"minecraft:glass":12,"minecraft:lava_bucket":16,"minecraft:iron_axe":1,"minecraft:grass_block":110,"minecraft:quartz_block":225,"minecraft:diamond_chestplate":1,"minecraft:repeater":1,"minecraft:sweet_berries":2,"minecraft:wolf_spawn_egg":14,"minecraft:furnace":6,"minecraft:trapped_chest":1,"minecraft:stone_pressure_plate":6,"minecraft:cooked_beef":37,"minecraft:water_bucket":4,"minecraft:diorite":2,"minecraft:diamond_boots":1,"minecraft:stone_pickaxe":149,"minecraft:wooden_pickaxe":36,"minecraft:diamond_axe":44,"minecraft:tnt":467,"minecraft:crafting_table":15,"minecraft:white_bed":3,"minecraft:spruce_log":1,"minecraft:redstone_torch":4,"minecraft:creeper_spawn_egg":29,"minecraft:sticky_piston":2,"minecraft:lever":1,"minecraft:ender_eye":12,"minecraft:diamond_pickaxe":1174,"minecraft:diamond_shovel":80,"minecraft:command_block":2,"minecraft:barrier":10,"minecraft:iron_pickaxe":108,"minecraft:gravel":16,"minecraft:diamond_sword":73,"minecraft:wooden_sword":1,"minecraft:cobblestone":31,"minecraft:bucket":9,"minecraft:end_portal_frame":12,"minecraft:coarse_dirt":1,"minecraft:diamond_leggings":1},"minecraft:custom":{"minecraft:mob_kills":18,"minecraft:interact_with_anvil":1,"minecraft:interact_with_crafting_table":25,"minecraft:leave_game":7,"minecraft:time_since_death":35194,"minecraft:sprint_one_cm":195181,"minecraft:damage_blocked_by_shield":396,"minecraft:walk_one_cm":462425,"minecraft:drop":69,"minecraft:play_time":239223,"minecraft:deaths":17,"minecraft:sneak_time":3345,"minecraft:walk_under_water_one_cm":41468,"minecraft:jump":1825,"minecraft:walk_on_water_one_cm":28409,"minecraft:total_world_time":239223,"minecraft:interact_with_furnace":37,"minecraft:sleep_in_bed":7,"minecraft:time_since_rest":27536,"minecraft:damage_taken":5741,"minecraft:trigger_trapped_chest":1,"minecraft:damage_dealt":3084,"minecraft:player_kills":1,"minecraft:swim_one_cm":32103,"minecraft:fly_one_cm":332438,"minecraft:open_chest":13,"minecraft:crouch_one_cm":4078,"minecraft:fall_one_cm":59652},"minecraft:picked_up":{"minecraft:wooden_axe":1,"minecraft:crafting_table":14,"minecraft:coarse_dirt":1,"minecraft:clay_ball":36,"minecraft:golden_pickaxe":1,"minecraft:wooden_pickaxe":1,"minecraft:golden_sword":1,"minecraft:string":2,"minecraft:wooden_sword":2,"minecraft:diamond_leggings":1,"minecraft:gold_nugget":232,"minecraft:cobbled_deepslate":64,"minecraft:bucket":1,"minecraft:redstone_torch":1,"minecraft:wooden_shovel":1,"minecraft:iron_pickaxe":2,"minecraft:chest":1,"minecraft:furnace":6,"minecraft:stick":1,"minecraft:raw_iron":29,"minecraft:oak_door":1,"minecraft:diorite":4,"minecraft:golden_chestplate":2,"minecraft:quartz_block":77,"minecraft:stone_shovel":1,"minecraft:stone_sword":1,"minecraft:rotten_flesh":4,"minecraft:obsidian":17,"minecraft:snowball":4,"minecraft:cobblestone":320,"minecraft:cooked_beef":128,"minecraft:magma_cream":1,"minecraft:andesite":17,"minecraft:salmon":4,"minecraft:flint":2,"minecraft:oak_log":5,"minecraft:ancient_debris":2,"minecraft:gunpowder":1,"minecraft:lapis_lazuli":36,"minecraft:dirt":130,"minecraft:glass":14,"minecraft:kelp":1,"minecraft:raw_gold":6,"minecraft:iron_ingot":2,"minecraft:sweet_berries":101,"minecraft:quartz":230,"minecraft:sand":110,"minecraft:gravel":18,"minecraft:lava_bucket":5,"minecraft:spruce_sapling":1,"minecraft:grass_block":1,"minecraft:white_bed":3,"minecraft:spruce_log":21,"minecraft:mossy_cobblestone":1,"minecraft:diamond":9,"minecraft:stone_axe":1,"minecraft:granite":8,"minecraft:netherrack":384,"minecraft:coal":301},"minecraft:crafted":{"minecraft:wooden_sword":1,"minecraft:oak_door":3,"minecraft:oak_planks":20,"minecraft:iron_nugget":1,"minecraft:golden_chestplate":1,"minecraft:furnace":1,"minecraft:diamond_shovel":1,"minecraft:flint_and_steel":1,"minecraft:quartz_block":48,"minecraft:glass":20,"minecraft:diamond_helmet":1,"minecraft:diamond_leggings":1,"minecraft:iron_axe":1,"minecraft:stone_pickaxe":2,"minecraft:chest":4,"minecraft:diamond_boots":1,"minecraft:golden_helmet":1,"minecraft:golden_boots":1,"minecraft:diamond_sword":1,"minecraft:diamond_axe":1,"minecraft:crafting_table":1,"minecraft:spruce_planks":80,"minecraft:wooden_pickaxe":1,"minecraft:iron_sword":1,"minecraft:cooked_salmon":4,"minecraft:bucket":5,"minecraft:air":0,"minecraft:golden_leggings":1,"minecraft:diamond_pickaxe":1,"minecraft:stick":32,"minecraft:iron_ingot":22,"minecraft:iron_pickaxe":1,"minecraft:gold_ingot":25,"minecraft:diamond_chestplate":1},"minecraft:killed_by":{"minecraft:player":3,"minecraft:piglin":2,"minecraft:zombie":2}},"DataVersion":3578}