{"stats":{"minecraft:mined":{"minecraft:nether_gold_ore":14,"minecraft:white_bed":1,"minecraft:quartz_block":28,"minecraft:powder_snow":4,"minecraft:granite":5,"minecraft:grass_block":8,"minecraft:jungle_planks":1,"minecraft:redstone_wire":1,"minecraft:wall_torch":1,"minecraft:iron_ore":5,"minecraft:spruce_log":12,"minecraft:andesite":21,"minecraft:dirt":9,"minecraft:stone":125,"minecraft:netherrack":7},"minecraft:killed_by":{"minecraft:player":1,"minecraft:creeper":1},"minecraft:used":{"minecraft:stone_sword":35,"minecraft:stone_pickaxe":131,"minecraft:wooden_pickaxe":25,"minecraft:iron_sword":58,"minecraft:torch":6,"minecraft:dirt":2,"minecraft:golden_chestplate":1,"minecraft:iron_pickaxe":48,"minecraft:iron_boots":1,"minecraft:golden_helmet":1,"minecraft:furnace":1,"minecraft:andesite":15,"minecraft:cooked_beef":13,"minecraft:iron_leggings":1,"minecraft:golden_pickaxe":2},"minecraft:broken":{"minecraft:stone_pickaxe":1},"minecraft:dropped":{"minecraft:kelp":1,"minecraft:cooked_beef":9,"minecraft:stone_sword":5,"minecraft:golden_pickaxe":1,"minecraft:chicken":2,"minecraft:leather":2,"minecraft:granite":5,"minecraft:dirt":11,"minecraft:mutton":2,"minecraft:andesite":6,"minecraft:gold_nugget":4,"minecraft:beef":3,"minecraft:white_wool":1,"minecraft:egg":1},"minecraft:crafted":{"minecraft:wooden_sword":1,"minecraft:wooden_shovel":1,"minecraft:stone_shovel":1,"minecraft:spruce_planks":48,"minecraft:wooden_pickaxe":1,"minecraft:furnace":1,"minecraft:stone_axe":1,"minecraft:iron_axe":1,"minecraft:stick":20,"minecraft:iron_ingot":5,"minecraft:stone_pickaxe":1,"minecraft:wooden_axe":1,"minecraft:stone_sword":1,"minecraft:iron_shovel":1,"minecraft:gold_ingot":5,"minecraft:torch":8,"minecraft:golden_helmet":1},"minecraft:custom":{"minecraft:interact_with_furnace":13,"minecraft:interact_with_anvil":1,"minecraft:mob_kills":6,"minecraft:animals_bred":6,"minecraft:interact_with_crafting_table":8,"minecraft:leave_game":3,"minecraft:time_since_death":1285,"minecraft:sleep_in_bed":10,"minecraft:time_since_rest":1320,"minecraft:sprint_one_cm":94255,"minecraft:damage_taken":5470,"minecraft:walk_one_cm":259004,"minecraft:drop":26,"minecraft:damage_dealt":1673,"minecraft:swim_one_cm":1607,"minecraft:fly_one_cm":123572,"minecraft:player_kills":3,"minecraft:open_chest":11,"minecraft:crouch_one_cm":3202,"minecraft:play_time":103780,"minecraft:deaths":9,"minecraft:sneak_time":1100,"minecraft:walk_under_water_one_cm":3093,"minecraft:jump":1417,"minecraft:walk_on_water_one_cm":4184,"minecraft:total_world_time":103780,"minecraft:fall_one_cm":81307},"minecraft:picked_up":{"minecraft:iron_chestplate":2,"minecraft:feather":1,"minecraft:cooked_beef":817,"minecraft:chicken":2,"minecraft:andesite":21,"minecraft:golden_pickaxe":1,"minecraft:leather":2,"minecraft:diamond_sword":1,"minecraft:ancient_debris":2,"minecraft:golden_boots":1,"minecraft:shield":2,"minecraft:gunpowder":3,"minecraft:string":2,"minecraft:dirt":25,"minecraft:cooked_salmon":4,"minecraft:iron_leggings":2,"minecraft:glass":22,"minecraft:bone":2,"minecraft:kelp":1,"minecraft:gold_nugget":50,"minecraft:spruce_planks":4,"minecraft:beef":3,"minecraft:iron_pickaxe":2,"minecraft:iron_sword":3,"minecraft:iron_boots":2,"minecraft:egg":1,"minecraft:golden_helmet":1,"minecraft:stick":10,"minecraft:raw_iron":5,"minecraft:brush":1,"minecraft:torch":1,"minecraft:jungle_planks":1,"minecraft:spruce_log":12,"minecraft:redstone":1,"minecraft:golden_chestplate":2,"minecraft:quartz_block":108,"minecraft:diamond_shovel":1,"minecraft:stone_sword":5,"minecraft:diamond_chestplate":1,"minecraft:diamond":39,"minecraft:stone_axe":1,"minecraft:iron_helmet":2,"minecraft:granite":5,"minecraft:diamond_axe":1,"minecraft:netherrack":140,"minecraft:mutton":2,"minecraft:white_wool":1,"minecraft:cobblestone":131,"minecraft:diamond_pickaxe":1},"minecraft:killed":{"minecraft:skeleton":1,"minecraft:sheep":1,"minecraft:chicken":2,"minecraft:enderman":1,"minecraft:cow":1}},"DataVersion":3578}